{
  "components": {
    "head": {
      "start": 47,
      "end": 47
    },
    "berd": {
      "start": 38,
      "end": 38
    },
    "hair": {
      "start": 104,
      "end": 104
    },
    "uppr": {
      "start": 26,
      "end": 26
    },
    "lowr": {
      "start": 76,
      "end": 76
    },
    "hand": {
      "start": 17,
      "end": 20
    },
    "feet": {
      "start": 64,
      "end": 64
    },
    "teef": {
      "start": 72,
      "end": 72
    },
    "accs": {
      "start": 71,
      "end": 71
    },
    "task": {
      "start": 34,
      "end": 34
    },
    "decl": {
      "start": 17,
      "end": 20
    },
    "jbib": {
      "start": 128,
      "end": 128
    }
  },
  "props": {
    "head": {
      "start": 41,
      "end": 41
    },
    "eyes": {
      "start": 19,
      "end": 20
    },
    "ears": {
      "start": 5,
      "end": 20
    },
    "mouth": {
      "start": 0,
      "end": 20
    },
    "lhand": {
      "start": 0,
      "end": 20
    },
    "rhand": {
      "start": 0,
      "end": 20
    },
    "lwrist": {
      "start": 9,
      "end": 20
    },
    "rwrist": {
      "start": 1,
      "end": 20
    },
    "hip": {
      "start": 0,
      "end": 20
    },
    "lfoot": {
      "start": 0,
      "end": 20
    },
    "rfoot": {
      "start": 0,
      "end": 20
    },
    "unk604819740": {
      "start": 0,
      "end": 20
    },
    "unk2358626934": {
      "start": 0,
      "end": 20
    }
  }
}